consensus_number,player_name
1,AIDEN HUTCHINSON
2,KAYVON THIBADEAUX
3,IKEM EKWONU
4,EVAN NEAL
5,TRAVON WALKER
6,AHMAD GARDNER
7,DEREK STINGLEY
8,KYLE HAMILTON
9,CHARLES CROSS
10,GARRETT WILSON
11,JERMAINE JOHNSON
12,DRAKE LONDON
13,JAMESON WILLIAMS
14,MALIK WILLIS
15,JORDAN DAVIS
16,CHRIS OLAVE
17,TRENT MCDUFFIE
18,TREVOR PENNING
19,DEVIN LLOYD
20,GEORGE KARLAFTIS
21,TREYLON BURKS
22,KENNY PICKETT
23,ZION JOHNSON
24,ANDREW BOOTH
25,KENYON GREEN
26,DEVONTE WYATT
27,TYLER LINDERBAUM
28,DAXTON HILL
29,KAIIR ELAM
30,JAHAN DOTSON
31,NAKOBE DEAN
32,LEWIS CINE
33,DESMOND RIDDER
34,BOYE MAFE
35,DAVID OJABO
36,KYLER GORDON
37,TYLER SMITH
38,ARNOLD EBIKITIE
39,MATT CORRAL
40,GEORGE PICKENS
41,BREECE HALL
42,BERNHARD RAIMANN
43,LOGAN HALL
44,CHRISTIAN WATSON
45,SKYY MOORE
46,QUAY WALKER
47,TRAVIS JONES
48,SAM HOWELL
49,JALEN PITRE
50,ROGER MCCREARY
51,KENNETH WALKER
52,PERRION WINFREY
53,TREY MCBRIDE
54,JAQUON BRISKER
55,CHRISTIAN HARRIS
56,DEMARVIN LEAL
57,NIK BONITTO
58,CHAD MUMA
59,JOHN METCHIE III
60,LEO CHENAL
61,CAMERON THOMAS
62,DANIEL FAALELE
63,DRAKE JACKSON
64,ISAIAH SPILLER
65,TARIQ WOOLEN
66,DARIAN KINNARD
67,NICHOLAS PETIT-FRERE
68,DYLAN PARHAM
69,ABRAHAM LUCAS
70,JOSH PASCAL
71,ALEC PIERCE
72,CALVIN AUSTIN III
73,JAMAREE SALYER
74,SEAN RHYAN
75,PHIDARIAN MATHIS
76,JALEN TOLBERT
77,GREG DULCICH
78,TROY ANDERSON
79,DAVID BELL
80,CHANNING TINDALL
81,KINGSLEY ENAGBARE
82,MYJAI SANDERS
83,JEREMY RUCKERT
84,WAN'DALE ROBINSON
85,CAM TAYLOR-BRITT
86,COLE STRANGE
87,SAM WILLIAMS
88,COBY BRYANT
89,MARCUS JONES
90,NICK CROSS
91,CARSON STRONG
92,BRIAN ASAMOAH II
93,KHALIL SHAKIR
94,ISAIAH LIKELY
95,JELANI WOODS
96,BRYAN COOK
97,JAMES COOK
98,ALONTE TAYLOR
99,ED INGRAM
100,CAMERON JURGENS
101,CADE OTTON
102,KERBY JOSEPH
103,MARTIN EMERSON
104,RASHEED WALKER
105,DEANGELO MALONE
106,LUKE GOEDEKE
107,BRIAN ROBINSON
108,DARRIAN BEAVERS
109,DAMONE CLARK
110,ZION MCCOLLUM
111,BRANDON SMITH
112,DAMEON PIERCE
113,RACHAAD WHITE
114,MAX MICTHELL
115,KYREN WILLIAMS
116,CHARLIE KOLAR
117,LUKE FORTNER
118,JOSHUA WILLIAMS
119,JUSTYN ROSS
120,TYLER ALLGEIER
121,JALYN ARMOUR-DAVIS
122,ZAMIR WHITE
123,DOMINIQUE ROBINSON
124,PIERRE STRONG JEREMY
125,ROMEO DOBBS
126,ZACH TOM
127,JEROME FORD
128,ZACHARY CARTER
129,MATTHEW BUTLER
130,MARIO GOODRICH
131,ALEX WRIGHT
132,VERONE MCKINLEY III
133,JOSH JOBE
134,JOJO DOMANN
135,DANNY GREY
136,JAKE FERGUSON
137,JT WOODS
138,DERION KENDRICK
139,AMARE BARNO 
140,AKAYLEB EVANS
141,BRAXTON JONES
142,TYREKE SMITH
143,ISAIAH THOMAS
144,TYLER BADIE
145,TYQUAN THORNTON
146,TARIQ CASTRO-FIELDS
147,KELLEN DIESCH
148,MARQUIS HAYES
149,THOMAS BOOKER
150,DONOVAN WEST
151,MICHAEL CLEMONS
152,VELUS JONES JR 
153,DAMARRI MATHIS
154,KYLE PHILLIPS
155,BAILEY ZAPPE
156,BO MELTON
157,TERREL BERNARD 
158,THAYER MUNFORD
159,TYCEN ANDERSON
160,SPENCER BURFORD
161,LECITUS SMITH
162,JOHN RIDGEWAY
163,CHIGOZIEM OKONKWO
164,HASKELL GARRETT
165,JESSE LUKETA
166,MATT WALETZKO
167,ABRAM SMITH
168,DARE ROSENTHAL
169,LOGAN BRUSS
170,CHRIS PAUL
171,COLE TURNER
172,JALEN WYDERMYER
173,DANIEL BELLINGER
174,NEIL FARRELL JR
175,MALCOLM RODRIGUEZ
176,HASSAN HASKINS
177,JOSHUA EZEUDU
178,EYIOMA UWAZURIKE
179,KALON BARNES
180,ERIK EZUKANMA
181,MYKAEL WRIGHT
182,ALEC LINDSTROM
183,MIKE ROSE
184,JUSTIN SHAFFER
185,TY CHANDLER
186,SMOKE MONDAY
187,OTITO OGBONNIA
188,CHRISTOPHER ALLEN
189,KALEB ELEBY
190,CADE MAYS
191,DANE BELTON
192,MATT ARAIZA
193,D'MARCO JACKSON
194,CORDALE FLOTT
195,GRANT CALCATERRA
196,JAMES MITCHELL
197,MICAH MCFADDEN
198,OBINNA EZE 
199,YUSEF CORKER
200,JEFFREY GUNTER
201,LEON O'NEAL JR
202,KEVIN AUSTIN JR
203,MARQUESE BELL
204,CORDELL VOLSON
205,D'VONTE PRICE 
206,KALIA DAVIS 
207,JAYLEN WATSON
208,JALEN NAILOR
209,PERCY BUTLER
210,ERIC JOHNSON
211,CHASEN HINES
212,CHARLESTON RAMBO
213,ANDREW STUEBER
214,STERLING WEATHERFORD
215,AARON HANSFORD
216,ZAKOBY MCCLAIN
217,MONTARIC BROWN
218,CHASE LUCAS
219,TRE TURNER
220,CHRISTOPHER HINTON
221,JACK COAN 
222,ESEZI OTOMEWO
223,ISAIAH WESTON
224,REGGIE ROBERSON JR
225,TYLER GOODSON
226,SINCERE MCCORMICK
227,ZONOVAN MCKNIGHT
228,JAYDEN PEEVY
229,JACK SANBORN
230,DAI'JEAN DIXON
231,VEDERIAN LOVE
232,JUANYEH THOMAS
233,VINCENT GRAY
234,TYRION DAVIS-PRICE
235,DECOBIE DURANT
236,MAKAI POLK
237,BUBBA BOLDEN
238,JERION EALY
239,KENNEDY BROOKS
240,JASHAUN CORBIN
241,DONTARIO DRUMMOND
242,EJ PERRY
243,DERRICK DEESE JR
244,KEAONTAY INGRAM
245,KEVIN HARRIS
246,DAVID ANENIH
247,JACK JONES
248,ZAQUANDRE WHITE
249,DELARRIN TURNER-YELL
250,DAMARION WILLIAMS
